restaurant_id,name,cuisine,city,price_level,rating_avg,prep_time_avg_min,opened_at,is_chain
R0001,Гудман-стиль Lab,Стейки,Москва,3,3.91,28,2024-01-09,0
R0002,Кондитерская,Выпечка и десерты,Москва,1,4.59,21,2019-09-25,0
R0003,Стейк Хаус,Стейки,Москва,3,4.3,30,2020-09-16,0
R0004,Блинная Lab,Русская,Москва,1,4.25,22,2017-01-19,0
R0005,Эклер Express,Выпечка и десерты,Москва,2,4.5,22,2023-06-30,0
R0006,Бангкок Lab,Азиатская,Москва,2,4.25,24,2024-03-01,0
R0007,Вок Стрит №1,Азиатская,Москва,2,4.44,12,2020-08-13,0
R0008,Мясо и Вино,Стейки,Москва,3,4.58,32,2018-05-16,1
R0009,Стейк Хаус Express,Стейки,Москва,3,4.53,23,2019-05-23,0
R0010,Суши Мастер,Японская,Москва,2,4.22,26,2021-04-03,0
R0011,Пиццерия,Пицца,Москва,2,4.37,28,2017-08-08,1
R0012,Стейк Хаус,Стейки,Москва,3,4.86,27,2023-02-26,0
R0013,Гудман-стиль,Стейки,Москва,3,4.36,25,2023-08-22,1
R0014,Пицца Мия на Набережной,Пицца,Москва,1,4.1,12,2016-10-23,0
R0015,Пельменная,Русская,Москва,1,4.21,26,2018-05-14,1
R0016,Вок Стрит,Азиатская,Москва,1,4.37,26,2022-04-10,0
R0017,Рамен-я Express,Японская,Москва,2,4.26,25,2021-05-20,0
R0018,Гриль Хаус,Бургеры,Москва,1,4.64,26,2021-05-03,0
R0019,Стейк Хаус №1,Стейки,Москва,3,4.78,20,2021-01-19,0
R0020,Ла Каза,Итальянская,Москва,2,4.47,15,2016-01-19,1
R0021,Токио Сити,Японская,Москва,3,4.39,17,2024-04-03,1
R0022,Теремок-стиль Family,Русская,Москва,1,4.65,14,2017-12-03,0
R0023,Мимино,Грузинская,Москва,2,4.06,13,2023-09-14,1
R0024,Суши Мастер Центр,Японская,Москва,1,4.22,21,2020-05-16,0
R0025,Пекарня,Выпечка и десерты,Москва,1,4.12,18,2020-05-04,1
R0026,Додо-стиль на Набережной,Пицца,Москва,2,4.25,23,2018-01-21,0
R0027,Фо Бо №1,Азиатская,Москва,1,4.43,19,2021-02-28,0
R0028,Гудман-стиль Family,Стейки,Москва,3,4.95,27,2018-07-31,0
R0029,Сакура,Японская,Москва,3,4.47,25,2020-09-15,1
R0030,Сакура Express,Японская,Москва,1,4.95,15,2017-01-18,0
R0031,Маргарита Express,Пицца,Москва,2,4.35,13,2022-05-24,0
R0032,Пиццерия Express,Пицца,Москва,2,4.15,20,2019-06-16,0
R0033,Наполи,Пицца,Москва,1,4.32,17,2022-12-16,1
R0034,Би Бургер на Набережной,Бургеры,Москва,1,4.93,14,2019-12-04,0
R0035,Пхали Corner,Грузинская,Москва,3,4.49,25,2020-07-10,0
R0036,Стейк Хаус,Стейки,Москва,3,4.5,20,2017-06-30,1
R0037,Гриль Хаус,Бургеры,Москва,1,4.48,11,2023-07-04,0
R0038,Гриль Хаус,Бургеры,Москва,1,3.96,16,2021-12-05,1
R0039,Хинкальная Family,Грузинская,Москва,1,4.48,21,2022-05-21,0
R0040,Теремок-стиль Центр,Русская,Москва,1,4.6,17,2020-11-24,0
R0041,Пиццерия,Пицца,Москва,1,4.23,24,2017-02-08,0
R0042,Додо-стиль,Пицца,Москва,1,4.73,15,2025-07-20,1
R0043,Теремок-стиль Corner,Русская,Москва,1,4.44,16,2020-01-01,0
R0044,Додо-стиль Центр,Пицца,Москва,1,4.49,12,2024-08-24,0
R0045,Суши Мастер,Японская,Москва,3,4.61,28,2019-09-23,0
R0046,Фо Бо,Азиатская,Москва,1,4.53,20,2024-10-12,1
R0047,Фитнес Кухня Lab,Здоровое питание,Москва,2,4.51,18,2022-04-30,0
R0048,Наполи,Пицца,Москва,1,4.57,19,2024-06-24,0
R0049,Маргарита,Пицца,Москва,1,4.81,19,2017-09-09,0
R0050,Траттория,Итальянская,Москва,2,4.36,19,2019-07-19,0
R0051,Сакура Express,Японская,Москва,2,4.68,17,2021-08-08,0
R0052,Гудман-стиль Lab,Стейки,Москва,3,4.44,30,2018-05-09,0
R0053,Суши Мастер,Японская,Москва,2,4.87,24,2024-03-12,1
R0054,Сакура Corner,Японская,Москва,3,4.3,24,2017-10-08,0
R0055,Траттория №1,Итальянская,Москва,2,4.29,22,2022-04-24,0
R0056,Гудман-стиль на Набережной,Стейки,Москва,3,4.61,14,2022-09-01,0
R0057,Пицца Мия,Пицца,Москва,1,4.55,24,2016-04-27,0
R0058,Токио Сити Lab,Японская,Москва,1,4.45,21,2021-08-20,0
R0059,Мимино,Грузинская,Москва,2,4.77,23,2022-04-17,0
R0060,Наполи,Пицца,Москва,1,4.41,15,2022-03-08,1
R0061,Ёбидоёби-стиль Центр,Японская,Москва,2,4.12,24,2022-10-03,0
R0062,Мимино Lab,Грузинская,Москва,2,4.51,30,2019-12-05,0
R0063,Поке Хаус Центр,Здоровое питание,Москва,3,4.13,29,2023-02-01,0
R0064,Смэш на Набережной,Бургеры,Москва,1,4.6,16,2025-04-19,0
R0065,Сакура на Набережной,Японская,Москва,2,4.39,21,2021-07-24,0
R0066,Токио Сити,Японская,Москва,3,4.68,22,2020-12-29,1
R0067,Рамен-я,Японская,Москва,2,4.55,21,2016-08-12,1
R0068,Траттория,Итальянская,Москва,2,4.65,15,2018-07-27,1
R0069,Остерия,Итальянская,Москва,2,4.38,27,2020-09-07,0
R0070,Эклер Центр,Выпечка и десерты,Москва,2,4.57,22,2025-05-12,0
R0071,Блинная,Русская,Москва,1,4.33,26,2022-09-10,0
R0072,Поке Хаус №1,Здоровое питание,Москва,2,4.12,26,2018-07-05,0
R0073,Остерия Corner,Итальянская,Москва,3,4.54,27,2017-04-17,0
R0074,Ла Каза Corner,Итальянская,Москва,3,4.11,25,2023-03-01,0
R0075,Теремок-стиль,Русская,Москва,1,4.46,17,2022-11-26,0
R0076,Смэш,Бургеры,Москва,1,4.87,14,2019-09-01,1
R0077,Грин Боул №1,Здоровое питание,Москва,2,4.51,24,2016-01-03,0
R0078,Смэш,Бургеры,Москва,2,4.28,27,2021-05-27,1
R0079,Ла Каза Центр,Итальянская,Москва,3,4.36,25,2016-12-11,0
R0080,Сациви,Грузинская,Москва,1,4.74,22,2022-02-16,1
R0081,Бургер Лаб,Бургеры,Москва,1,4.39,22,2022-02-24,1
R0082,Сакура,Японская,Москва,1,4.33,20,2025-06-21,1
R0083,Лапша,Азиатская,Москва,1,4.4,15,2018-11-29,0
R0084,Мясо и Вино,Стейки,Москва,3,4.22,33,2020-12-08,0
R0085,Додо-стиль,Пицца,Москва,1,4.47,22,2020-06-01,1
R0086,Мимино Express,Грузинская,Москва,2,4.78,20,2016-04-15,0
R0087,Токио Сити Corner,Японская,Москва,1,4.53,22,2017-07-04,0
R0088,Фо Бо Corner,Азиатская,Москва,1,4.5,21,2020-04-01,0
R0089,Бангкок Corner,Азиатская,Москва,2,4.55,27,2016-08-28,0
R0090,Рамен-я,Японская,Москва,2,4.31,19,2017-09-25,1
R0091,Суши Мастер,Японская,Москва,1,4.65,19,2025-02-12,1
R0092,Суши Мастер на Набережной,Японская,Москва,2,4.28,22,2017-11-11,0
R0093,Гриль Хаус,Бургеры,Москва,1,4.5,25,2024-01-30,0
R0094,Бургер Лаб,Бургеры,Москва,1,4.66,18,2019-11-29,0
R0095,Ёбидоёби-стиль Lab,Японская,Москва,2,4.49,18,2022-08-16,0
R0096,Сакура Express,Японская,Москва,2,4.3,22,2018-09-03,0
R0097,Пельменная Центр,Русская,Москва,1,4.23,15,2019-06-13,0
R0098,Бангкок,Азиатская,Москва,1,4.17,17,2018-09-06,0
R0099,Паста Бар Центр,Итальянская,Москва,2,4.3,23,2021-02-05,0
R0100,Наполи Family,Пицца,Москва,1,4.25,18,2019-07-21,0
R0101,Наполи,Пицца,Москва,1,4.56,25,2020-09-29,1
R0102,Мимино,Грузинская,Москва,2,4.46,22,2017-07-29,0
R0103,Смэш,Бургеры,Москва,1,4.36,22,2016-01-24,0
R0104,Смэш Express,Бургеры,Москва,2,4.91,18,2020-02-06,0
R0105,Суши Мастер Lab,Японская,Москва,3,4.4,22,2017-03-04,0
R0106,Би Бургер,Бургеры,Москва,1,4.69,12,2023-01-01,1
R0107,Пиццерия Corner,Пицца,Москва,1,4.71,16,2017-08-30,0
R0108,Наполи,Пицца,Москва,2,4.29,26,2021-11-03,0
R0109,Поке Хаус,Здоровое питание,Москва,2,4.91,16,2022-02-22,1
R0110,Гриль Хаус Family,Бургеры,Москва,1,4.57,16,2016-04-06,0
R0111,Мимино,Грузинская,Москва,3,4.37,26,2024-04-26,1
R0112,Ёбидоёби-стиль №1,Японская,Москва,3,4.48,29,2024-08-02,0
R0113,Мясо и Вино Corner,Стейки,Москва,3,4.08,20,2024-11-11,0
R0114,Кондитерская №1,Выпечка и десерты,Москва,2,4.57,16,2018-05-13,0
R0116,Маргарита Corner,Пицца,Москва,1,4.42,17,2017-10-04,0
R0117,Додо-стиль,Пицца,Москва,2,4.35,17,2019-10-16,1
R0118,Траттория,Итальянская,Москва,2,4.39,24,2020-12-12,1
R0119,Маргарита №1,Пицца,Москва,2,4.79,25,2024-03-01,0
R0120,Гриль Хаус,Бургеры,Москва,1,4.18,21,2023-04-16,0
R0121,Би Бургер Family,Бургеры,Москва,1,3.94,22,2021-08-10,0
R0122,Поке Хаус,Здоровое питание,Москва,2,4.57,25,2024-06-06,1
R0124,Траттория,Итальянская,Санкт-Петербург,3,4.4,23,2017-04-20,0
R0125,Додо-стиль на Набережной,Пицца,Санкт-Петербург,1,4.66,19,2016-12-23,0
R0126,Траттория,Итальянская,Санкт-Петербург,2,4.24,20,2022-06-07,1
R0127,Пицца Мия,Пицца,Санкт-Петербург,1,4.41,22,2018-10-30,1
R0128,Би Бургер Family,Бургеры,Санкт-Петербург,1,4.63,12,2016-01-04,0
R0129,Сакура Express,Японская,Санкт-Петербург,2,4.79,19,2018-05-12,0
R0130,Стейк Хаус,Стейки,Санкт-Петербург,3,4.55,22,2023-12-22,0
R0131,Пхали,Грузинская,Санкт-Петербург,1,4.39,15,2020-11-29,0
R0132,Сакура Corner,Японская,Санкт-Петербург,2,4.4,22,2016-04-17,0
R0133,Би Бургер Corner,Бургеры,Санкт-Петербург,2,4.79,20,2020-11-03,0
R0134,Поке Хаус на Набережной,Здоровое питание,Санкт-Петербург,2,4.23,16,2023-07-20,0
R0135,Вок Стрит на Набережной,Азиатская,Санкт-Петербург,1,4.77,16,2025-02-08,0
R0136,Теремок-стиль Lab,Русская,Санкт-Петербург,1,4.67,11,2016-10-07,0
R0137,Пхали,Грузинская,Санкт-Петербург,3,4.39,29,2019-05-13,0
R0138,Вок Стрит Family,Азиатская,Санкт-Петербург,1,4.92,16,2020-05-09,0
R0139,Хинкальная,Грузинская,Санкт-Петербург,2,4.62,17,2023-09-26,0
R0140,Гудман-стиль Центр,Стейки,Санкт-Петербург,2,4.03,22,2018-10-23,0
R0141,Ла Каза,Итальянская,Санкт-Петербург,1,4.18,19,2022-01-03,1
R0142,Мясо и Вино Family,Стейки,Санкт-Петербург,3,4.69,29,2022-06-08,0
R0143,Блинная,Русская,Санкт-Петербург,1,4.19,19,2018-08-30,1
R0144,Ёбидоёби-стиль,Японская,Санкт-Петербург,2,4.22,25,2023-01-08,1
R0145,Фитнес Кухня,Здоровое питание,Санкт-Петербург,2,4.5,19,2024-09-08,1
R0146,Гриль Хаус Центр,Бургеры,Санкт-Петербург,1,4.51,15,2023-05-31,0
R0147,Сакура,Японская,Санкт-Петербург,2,4.29,23,2020-06-11,0
R0148,Пекарня Express,Выпечка и десерты,Санкт-Петербург,2,4.41,17,2023-08-18,0
R0149,Додо-стиль,Пицца,Санкт-Петербург,1,4.39,20,2022-12-31,1
R0150,Гриль Хаус,Бургеры,Санкт-Петербург,1,4.46,19,2020-10-24,1
R0151,Грин Боул Lab,Здоровое питание,Санкт-Петербург,3,4.83,23,2016-01-20,0
R0152,Пельменная Центр,Русская,Санкт-Петербург,1,4.67,18,2019-08-23,0
R0153,Лапша,Азиатская,Санкт-Петербург,1,4.32,12,2025-02-03,0
R0154,Маргарита,Пицца,Санкт-Петербург,2,4.71,20,2023-02-17,1
R0156,Пекарня,Выпечка и десерты,Санкт-Петербург,1,4.49,18,2020-01-18,1
R0157,Суши Мастер,Японская,Санкт-Петербург,2,4.44,18,2019-01-17,1
R0158,Маргарита,Пицца,Санкт-Петербург,1,4.72,25,2022-09-14,1
R0159,Поке Хаус,Здоровое питание,Санкт-Петербург,2,4.16,23,2018-03-12,1
R0160,Лапша Express,Азиатская,Санкт-Петербург,2,4.57,23,2020-03-03,0
R0161,Эклер,Выпечка и десерты,Санкт-Петербург,2,3.88,16,2016-09-29,1
R0162,Траттория Центр,Итальянская,Санкт-Петербург,2,4.68,19,2017-11-26,0
R0163,Мимино №1,Грузинская,Санкт-Петербург,2,4.7,18,2019-11-04,0
R0164,Грин Боул №1,Здоровое питание,Санкт-Петербург,2,4.54,22,2019-09-25,0
R0165,Токио Сити Corner,Японская,Санкт-Петербург,2,4.32,23,2018-03-08,0
R0166,Сакура №1,Японская,Санкт-Петербург,2,4.52,21,2022-06-22,0
R0167,Ёбидоёби-стиль на Набережной,Японская,Санкт-Петербург,1,4.73,13,2023-03-09,0
R0168,Блинная,Русская,Санкт-Петербург,1,4.53,17,2019-02-03,1
R0169,Гриль Хаус,Бургеры,Санкт-Петербург,1,4.3,12,2016-07-06,1
R0170,Фо Бо Corner,Азиатская,Санкт-Петербург,2,4.26,22,2017-05-06,0
R0171,Наполи на Набережной,Пицца,Санкт-Петербург,1,4.35,16,2023-10-23,0
R0172,Вок Стрит,Азиатская,Санкт-Петербург,1,4.22,22,2018-10-21,1
R0173,Ёбидоёби-стиль,Японская,Санкт-Петербург,2,4.21,27,2022-07-26,0
R0174,Токио Сити,Японская,Санкт-Петербург,1,4.51,22,2018-07-29,1
R0175,Бургер Лаб,Бургеры,Санкт-Петербург,2,4.32,26,2024-12-16,1
R0176,Би Бургер,Бургеры,Санкт-Петербург,1,4.11,22,2020-03-28,1
R0177,Суши Мастер,Японская,Санкт-Петербург,2,4.41,20,2022-05-14,1
R0178,Ёбидоёби-стиль Express,Японская,Санкт-Петербург,3,4.29,20,2019-11-21,0
R0179,Пельменная,Русская,Санкт-Петербург,1,4.56,19,2024-06-01,0
R0180,Пекарня №1,Выпечка и десерты,Санкт-Петербург,2,4.22,15,2023-04-02,0
R0181,Кондитерская Express,Выпечка и десерты,Санкт-Петербург,2,4.63,19,2022-02-03,0
R0182,Фо Бо Центр,Азиатская,Санкт-Петербург,1,4.74,24,2023-08-14,0
R0183,Ёбидоёби-стиль Express,Японская,Санкт-Петербург,3,4.28,23,2025-01-20,0
R0184,Хинкальная,Грузинская,Санкт-Петербург,2,4.78,21,2017-08-06,1
R0185,Вок Стрит Family,Азиатская,Санкт-Петербург,1,4.55,25,2024-10-28,0
R0186,Стейк Хаус,Стейки,Санкт-Петербург,3,4.33,23,2018-05-16,1
R0187,Пекарня Corner,Выпечка и десерты,Санкт-Петербург,1,4.29,13,2025-03-16,0
R0188,Гриль Хаус на Набережной,Бургеры,Санкт-Петербург,1,4.22,15,2020-05-29,0
R0189,Пицца Мия,Пицца,Санкт-Петербург,1,4.78,24,2021-10-21,1
R0190,Би Бургер Corner,Бургеры,Санкт-Петербург,1,4.18,19,2019-05-11,0
R0191,Ёбидоёби-стиль Express,Японская,Санкт-Петербург,1,4.43,23,2017-08-02,0
R0192,Гриль Хаус Family,Бургеры,Санкт-Петербург,1,4.15,25,2024-10-06,0
R0193,Хинкальная Lab,Грузинская,Санкт-Петербург,1,4.6,25,2020-02-05,0
R0194,Пиццерия Центр,Пицца,Санкт-Петербург,1,4.61,9,2024-08-02,0
R0195,Би Бургер,Бургеры,Санкт-Петербург,1,4.52,19,2024-11-09,0
R0196,Наполи Family,Пицца,Санкт-Петербург,1,4.47,24,2023-03-25,0
R0197,Лапша Corner,Азиатская,Санкт-Петербург,1,4.28,16,2023-02-11,0
R0198,Токио Сити,Японская,Санкт-Петербург,3,4.66,23,2017-07-18,1
R0199,Наполи,Пицца,Санкт-Петербург,1,4.3,15,2020-01-21,0
R0200,Кондитерская,Выпечка и десерты,Казань,2,4.44,21,2017-09-29,0
R0201,Бургер Лаб,Бургеры,Казань,1,4.26,20,2023-04-07,0
R0202,Ёбидоёби-стиль,Японская,Казань,1,4.25,19,2020-01-11,0
R0203,Лапша Центр,Азиатская,Казань,1,4.42,14,2017-06-22,0
R0204,Гриль Хаус Lab,Бургеры,Казань,1,4.49,17,2024-06-27,0
R0205,Пиццерия,Пицца,Казань,1,4.54,16,2023-12-31,0
R0206,Токио Сити,Японская,Казань,2,4.41,15,2020-12-25,0
R0207,Грин Боул,Здоровое питание,Казань,3,4.59,31,2023-02-15,1
R0208,Эклер,Выпечка и десерты,Казань,1,4.5,19,2024-08-14,1
R0209,Додо-стиль Family,Пицца,Казань,1,4.68,21,2019-11-05,0
R0210,Фо Бо Family,Азиатская,Казань,1,4.57,17,2024-02-02,0
R0211,Сакура Центр,Японская,Казань,1,4.53,13,2023-07-09,0
R0212,Би Бургер,Бургеры,Казань,1,4.44,16,2016-09-20,1
R0213,Паста Бар на Набережной,Итальянская,Казань,3,4.57,30,2020-01-28,0
R0214,Фо Бо,Азиатская,Казань,1,4.88,16,2016-03-31,0
R0215,Бургер Лаб,Бургеры,Казань,1,4.45,13,2017-06-16,1
R0216,Мимино,Грузинская,Казань,2,4.68,22,2016-12-30,1
R0217,Ёбидоёби-стиль,Японская,Казань,2,4.35,22,2022-12-03,0
R0218,Блинная Family,Русская,Казань,2,4.66,30,2018-12-13,0
R0219,Теремок-стиль №1,Русская,Казань,1,4.45,15,2017-10-10,0
R0220,Рамен-я Lab,Японская,Казань,2,4.49,28,2022-07-24,0
R0221,Блинная,Русская,Казань,1,4.48,19,2019-05-30,1
R0222,Эклер,Выпечка и десерты,Казань,1,4.29,15,2016-09-24,1
R0223,Додо-стиль,Пицца,Казань,1,4.59,18,2019-05-16,0
R0224,Гудман-стиль,Стейки,Казань,3,4.56,24,2016-11-12,1
R0225,Наполи Центр,Пицца,Казань,2,4.68,18,2020-05-11,0
R0226,Бангкок,Азиатская,Казань,1,4.3,17,2017-03-08,1
R0227,Грин Боул Центр,Здоровое питание,Казань,2,4.81,18,2018-02-14,0
R0228,Пекарня на Набережной,Выпечка и десерты,Казань,1,4.11,18,2022-08-16,0
R0229,Хинкальная Corner,Грузинская,Казань,2,4.3,18,2016-03-21,0
R0230,Фитнес Кухня,Здоровое питание,Казань,2,4.35,24,2023-07-12,1
R0231,Мясо и Вино на Набережной,Стейки,Казань,3,4.36,15,2017-07-12,0
R0232,Токио Сити Family,Японская,Казань,2,4.11,28,2020-11-22,0
R0233,Бургер Лаб,Бургеры,Казань,1,4.37,26,2017-12-14,1
R0234,Гудман-стиль,Стейки,Казань,3,4.18,18,2022-05-07,1
R0235,Кондитерская,Выпечка и десерты,Казань,1,4.32,18,2018-05-15,0
R0236,Смэш,Бургеры,Казань,1,4.81,22,2017-06-28,0
R0237,Грин Боул Corner,Здоровое питание,Казань,2,4.52,19,2016-06-18,0
R0238,Кондитерская Express,Выпечка и десерты,Казань,1,4.55,16,2020-04-24,0
R0239,Пицца Мия,Пицца,Казань,1,4.02,20,2016-07-26,1
R0240,Эклер №1,Выпечка и десерты,Казань,2,4.48,21,2021-09-30,0
R0241,Эклер Family,Выпечка и десерты,Казань,1,4.82,18,2020-10-26,0
R0242,Токио Сити №1,Японская,Екатеринбург,2,4.22,20,2016-02-26,0
R0243,Кондитерская Центр,Выпечка и десерты,Екатеринбург,1,4.63,16,2023-06-01,0
R0244,Грин Боул Центр,Здоровое питание,Екатеринбург,2,4.39,20,2017-08-17,0
R0245,Бургер Лаб,Бургеры,Екатеринбург,1,3.97,15,2021-05-13,1
R0246,Би Бургер,Бургеры,Екатеринбург,2,4.39,13,2022-12-24,1
R0247,Рамен-я,Японская,Екатеринбург,2,4.3,26,2025-06-23,1
R0248,Траттория,Итальянская,Екатеринбург,2,4.34,18,2024-06-30,0
R0249,Остерия,Итальянская,Екатеринбург,2,4.7,17,2025-02-06,1
R0250,Суши Мастер,Японская,Екатеринбург,2,4.38,22,2020-05-31,1
R0251,Токио Сити,Японская,Екатеринбург,2,4.35,25,2019-04-30,1
R0252,Сакура,Японская,Екатеринбург,3,4.25,24,2025-04-24,1
R0253,Рамен-я,Японская,Екатеринбург,2,4.38,28,2022-10-10,1
R0254,Ла Каза,Итальянская,Екатеринбург,1,4.95,20,2019-08-13,1
R0255,Фо Бо,Азиатская,Екатеринбург,1,4.66,17,2023-11-13,0
R0256,Смэш Lab,Бургеры,Екатеринбург,1,4.36,18,2023-04-17,0
R0257,Суши Мастер,Японская,Екатеринбург,2,4.31,20,2022-09-07,1
R0258,Сациви,Грузинская,Екатеринбург,2,4.31,18,2023-11-28,0
R0259,Наполи,Пицца,Екатеринбург,1,4.43,21,2020-04-16,0
R0260,Бангкок на Набережной,Азиатская,Екатеринбург,1,4.62,15,2018-08-04,0
R0262,Додо-стиль,Пицца,Екатеринбург,1,4.35,26,2023-12-01,1
R0263,Рамен-я на Набережной,Японская,Екатеринбург,2,4.57,20,2025-01-29,0
R0264,Грин Боул Express,Здоровое питание,Екатеринбург,2,4.51,21,2017-03-13,0
R0265,Пельменная,Русская,Екатеринбург,1,4.26,24,2016-10-06,1
R0266,Наполи Family,Пицца,Екатеринбург,1,4.52,14,2016-10-28,0
R0267,Наполи,Пицца,Екатеринбург,1,4.29,21,2017-02-18,0
R0268,Пицца Мия,Пицца,Екатеринбург,2,4.38,19,2023-09-06,0
R0269,Блинная Corner,Русская,Екатеринбург,1,4.37,19,2023-07-20,0
R0270,Лапша Express,Азиатская,Екатеринбург,2,4.51,25,2020-08-25,0
R0271,Бургер Лаб,Бургеры,Екатеринбург,1,4.3,22,2020-01-07,1
R0272,Наполи №1,Пицца,Екатеринбург,1,4.34,17,2017-01-26,0
R0273,Мясо и Вино,Стейки,Екатеринбург,3,4.2,27,2023-08-16,0
R0274,Траттория Lab,Итальянская,Екатеринбург,2,4.37,24,2020-09-29,0
R0275,Гриль Хаус Центр,Бургеры,Екатеринбург,1,4.53,19,2022-07-27,0
R0276,Сациви,Грузинская,Екатеринбург,2,4.77,22,2024-12-22,1
R0277,Додо-стиль Corner,Пицца,Екатеринбург,2,3.82,27,2024-01-08,0
R0278,Бангкок,Азиатская,Екатеринбург,1,4.44,12,2020-01-04,0
R0279,Бангкок Family,Азиатская,Екатеринбург,1,4.35,25,2018-02-23,0
R0280,Эклер Центр,Выпечка и десерты,Екатеринбург,1,4.38,13,2017-09-07,0
R0281,Токио Сити Corner,Японская,Екатеринбург,1,4.36,15,2016-06-16,0
R0282,Рамен-я Corner,Японская,Екатеринбург,2,4.74,24,2018-11-29,0
R0283,Мимино,Грузинская,Екатеринбург,1,4.23,27,2021-05-17,0
R0284,Наполи,Пицца,Новосибирск,1,4.37,22,2021-04-30,1
R0285,Бургер Лаб,Бургеры,Новосибирск,1,4.39,24,2020-11-12,1
R0286,Бургер Лаб Центр,Бургеры,Новосибирск,1,4.76,19,2018-09-29,0
R0287,Пиццерия,Пицца,Новосибирск,1,4.95,16,2016-08-31,0
R0288,Ёбидоёби-стиль,Японская,Новосибирск,2,4.42,17,2022-10-03,1
R0289,Стейк Хаус Family,Стейки,Новосибирск,3,4.14,25,2018-06-16,0
R0290,Мимино,Грузинская,Новосибирск,2,4.77,22,2019-11-28,0
R0291,Смэш,Бургеры,Новосибирск,2,4.68,25,2018-11-09,1
R0292,Мимино Corner,Грузинская,Новосибирск,2,4.53,17,2021-09-08,0
R0293,Суши Мастер на Набережной,Японская,Новосибирск,2,4.23,17,2016-05-23,0
R0294,Мимино,Грузинская,Новосибирск,2,4.07,19,2021-03-02,1
R0295,Пиццерия,Пицца,Новосибирск,2,4.57,19,2024-01-05,1
R0296,Ла Каза №1,Итальянская,Новосибирск,2,4.18,24,2019-02-14,0
R0297,Гриль Хаус,Бургеры,Новосибирск,2,4.45,17,2022-11-26,0
R0298,Суши Мастер,Японская,Новосибирск,2,4.18,24,2020-08-14,0
R0299,Маргарита,Пицца,Новосибирск,1,4.42,19,2022-12-26,0
R0300,Стейк Хаус,Стейки,Новосибирск,3,3.85,22,2017-05-31,0
R0301,Пхали Family,Грузинская,Новосибирск,2,4.32,14,2018-06-08,0
R0302,Ёбидоёби-стиль Express,Японская,Новосибирск,2,4.37,21,2024-10-14,0
R0303,Грин Боул Центр,Здоровое питание,Новосибирск,3,4.92,26,2020-07-14,0
R0304,Мимино,Грузинская,Новосибирск,3,4.61,25,2021-10-24,1
R0305,Би Бургер,Бургеры,Новосибирск,2,4.56,17,2021-07-14,0
R0306,Мясо и Вино Центр,Стейки,Новосибирск,3,4.27,25,2017-04-05,0
R0308,Пицца Мия,Пицца,Новосибирск,1,4.48,22,2021-11-24,0
R0309,Пиццерия,Пицца,Новосибирск,2,4.44,21,2022-01-15,0
R0310,Бангкок Family,Азиатская,Новосибирск,2,4.41,23,2020-03-25,0
R0311,Би Бургер,Бургеры,Новосибирск,2,4.7,29,2018-01-09,0
R0312,Сациви №1,Грузинская,Новосибирск,3,4.53,28,2017-09-21,0
R0313,Ла Каза Lab,Итальянская,Новосибирск,3,4.56,26,2017-09-11,0
R0314,Мясо и Вино,Стейки,Новосибирск,3,4.63,26,2016-08-29,1
R0315,Би Бургер,Бургеры,Новосибирск,1,4.52,23,2020-01-30,0
R0317,Эклер,Выпечка и десерты,Новосибирск,1,4.35,18,2016-01-26,1
R0318,Ёбидоёби-стиль,Японская,Новосибирск,2,4.82,22,2023-10-21,1
R0319,Хинкальная Express,Грузинская,Новосибирск,3,4.57,31,2022-01-21,0
R0320,Вок Стрит,Азиатская,Новосибирск,2,4.92,22,2025-07-24,0
R0321,Ла Каза №1,Итальянская,Новосибирск,2,4.35,21,2018-01-10,0
